{
  "token_acc": 0.9998648542,
  "token_p": 0.9998648542,
  "token_r": 0.9997297449,
  "token_f": 0.999797295,
  "pos_acc": 0.9812935704,
  "morph_acc": 0.9456601309,
  "morph_micro_p": 0.9753348599,
  "morph_micro_r": 0.9673986076,
  "morph_micro_f": 0.9713505236,
  "morph_per_feat": {
    "Case": {
      "p": 0.9649815894,
      "r": 0.9602122016,
      "f": 0.9625909878
    },
    "Gender": {
      "p": 0.9717541245,
      "r": 0.9674522726,
      "f": 0.969598427
    },
    "Number": {
      "p": 0.9879535205,
      "r": 0.9827628016,
      "f": 0.9853513251
    },
    "PronType": {
      "p": 0.9871251136,
      "r": 0.9766222089,
      "f": 0.9818455744
    },
    "Animacy": {
      "p": 0.9718172032,
      "r": 0.9628660074,
      "f": 0.9673208981
    },
    "Abbr": {
      "p": 0.9613947696,
      "r": 0.9437652812,
      "f": 0.9524984577
    },
    "Uninflect": {
      "p": 0.9752738654,
      "r": 0.9189029785,
      "f": 0.9462496204
    },
    "Aspect": {
      "p": 0.9648592481,
      "r": 0.9556511976,
      "f": 0.9602331484
    },
    "Mood": {
      "p": 0.992642395,
      "r": 0.9902556315,
      "f": 0.9914475768
    },
    "Tense": {
      "p": 0.98170969,
      "r": 0.9794228032,
      "f": 0.9805649132
    },
    "VerbForm": {
      "p": 0.9886642736,
      "r": 0.9792290419,
      "f": 0.9839240387
    },
    "Person": {
      "p": 0.9945246391,
      "r": 0.9892721571,
      "f": 0.9918914446
    },
    "PunctType": {
      "p": 0.9990111248,
      "r": 1.0,
      "f": 0.9995053178
    },
    "Polarity": {
      "p": 1.0,
      "r": 0.996875,
      "f": 0.9984350548
    },
    "PartType": {
      "p": 1.0,
      "r": 0.9871794872,
      "f": 0.9935483871
    },
    "NameType": {
      "p": 0.8842457167,
      "r": 0.8769167012,
      "f": 0.8805659592
    },
    "Degree": {
      "p": 0.9449633089,
      "r": 0.928852459,
      "f": 0.9368386243
    },
    "Poss": {
      "p": 0.9878213802,
      "r": 0.9864864865,
      "f": 0.9871534821
    },
    "Foreign": {
      "p": 0.9572192513,
      "r": 0.6893453145,
      "f": 0.8014925373
    },
    "Voice": {
      "p": 0.9243379571,
      "r": 0.8386727689,
      "f": 0.8794241152
    },
    "NumType": {
      "p": 0.9760746148,
      "r": 0.9701733172,
      "f": 0.9731150192
    },
    "Reflex": {
      "p": 0.9976359338,
      "r": 0.9952830189,
      "f": 0.9964580874
    },
    "Variant": {
      "p": 0.9555555556,
      "r": 0.5,
      "f": 0.6564885496
    },
    "Hyph": {
      "p": 0.9150943396,
      "r": 0.97,
      "f": 0.9417475728
    },
    "Animacy[gram]": {
      "p": 0.6153846154,
      "r": 0.3333333333,
      "f": 0.4324324324
    },
    "Orth": {
      "p": 1.0,
      "r": 0.6153846154,
      "f": 0.7619047619
    }
  },
  "sents_p": 0.9430515063,
  "sents_r": 0.9047175089,
  "sents_f": 0.9234868671,
  "dep_uas": 0.9332721444,
  "dep_las": 0.9105317954,
  "dep_las_per_type": {
    "nsubj": {
      "p": 0.9233647901,
      "r": 0.9318555008,
      "f": 0.9275907159
    },
    "case": {
      "p": 0.987473437,
      "r": 0.9871422182,
      "f": 0.9873077998
    },
    "nmod": {
      "p": 0.8861452629,
      "r": 0.9065637882,
      "f": 0.8962382445
    },
    "obl": {
      "p": 0.9007323027,
      "r": 0.887303623,
      "f": 0.8939675361
    },
    "root": {
      "p": 0.9560738581,
      "r": 0.9172105165,
      "f": 0.936239056
    },
    "mark": {
      "p": 0.9257067719,
      "r": 0.9443326626,
      "f": 0.9349269588
    },
    "ccomp": {
      "p": 0.8930307942,
      "r": 0.8830128205,
      "f": 0.8879935536
    },
    "amod": {
      "p": 0.9758135444,
      "r": 0.9733879222,
      "f": 0.9745992241
    },
    "obj": {
      "p": 0.928455661,
      "r": 0.9178301671,
      "f": 0.9231123389
    },
    "cc": {
      "p": 0.9381095274,
      "r": 0.9430618401,
      "f": 0.9405791651
    },
    "advmod": {
      "p": 0.9210337401,
      "r": 0.9301594973,
      "f": 0.9255741253
    },
    "conj": {
      "p": 0.8105893476,
      "r": 0.8134092347,
      "f": 0.8119968429
    },
    "advcl": {
      "p": 0.7266666667,
      "r": 0.7752489331,
      "f": 0.7501720578
    },
    "discourse": {
      "p": 0.8371886121,
      "r": 0.8063410454,
      "f": 0.8214753383
    },
    "xcomp": {
      "p": 0.951417004,
      "r": 0.9730848861,
      "f": 0.9621289662
    },
    "cop": {
      "p": 0.9097065463,
      "r": 0.9056179775,
      "f": 0.9076576577
    },
    "det": {
      "p": 0.952811245,
      "r": 0.9610126582,
      "f": 0.9568943786
    },
    "csubj": {
      "p": 0.8781163435,
      "r": 0.8498659517,
      "f": 0.863760218
    },
    "appos": {
      "p": 0.6407407407,
      "r": 0.5635179153,
      "f": 0.5996533795
    },
    "compound": {
      "p": 0.8862275449,
      "r": 0.925,
      "f": 0.9051987768
    },
    "flat:title": {
      "p": 0.8086164043,
      "r": 0.8079470199,
      "f": 0.8082815735
    },
    "flat:name": {
      "p": 0.9381313131,
      "r": 0.9477040816,
      "f": 0.942893401
    },
    "nummod:gov": {
      "p": 0.8561151079,
      "r": 0.9444444444,
      "f": 0.8981132075
    },
    "parataxis": {
      "p": 0.6480293309,
      "r": 0.6890838207,
      "f": 0.6679263108
    },
    "iobj": {
      "p": 0.7790697674,
      "r": 0.6943005181,
      "f": 0.7342465753
    },
    "acl:relcl": {
      "p": 0.7971864009,
      "r": 0.8262454435,
      "f": 0.8114558473
    },
    "dep": {
      "p": 0.5443037975,
      "r": 0.2097560976,
      "f": 0.3028169014
    },
    "parataxis:discourse": {
      "p": 0.868852459,
      "r": 0.8520900322,
      "f": 0.8603896104
    },
    "aux": {
      "p": 0.9464285714,
      "r": 0.9464285714,
      "f": 0.9464285714
    },
    "nummod": {
      "p": 0.8905660377,
      "r": 0.8822429907,
      "f": 0.8863849765
    },
    "acl": {
      "p": 0.8962264151,
      "r": 0.8742331288,
      "f": 0.8850931677
    },
    "expl": {
      "p": 0.7884615385,
      "r": 0.7592592593,
      "f": 0.7735849057
    },
    "orphan": {
      "p": 0.5744680851,
      "r": 0.50625,
      "f": 0.5382059801
    },
    "fixed": {
      "p": 0.7951807229,
      "r": 0.8198757764,
      "f": 0.8073394495
    },
    "xcomp:sp": {
      "p": 0.8521400778,
      "r": 0.8233082707,
      "f": 0.8374760994
    },
    "flat:range": {
      "p": 0.8617021277,
      "r": 0.7714285714,
      "f": 0.8140703518
    },
    "flat:foreign": {
      "p": 0.746835443,
      "r": 0.8368794326,
      "f": 0.7892976589
    },
    "det:numgov": {
      "p": 0.9253731343,
      "r": 0.9393939394,
      "f": 0.9323308271
    },
    "flat:sibl": {
      "p": 0.0,
      "r": 0.0,
      "f": 0.0
    },
    "advmod:det": {
      "p": 0.5294117647,
      "r": 0.5625,
      "f": 0.5454545455
    },
    "flat:abs": {
      "p": 1.0,
      "r": 0.7857142857,
      "f": 0.88
    },
    "vocative": {
      "p": 0.4,
      "r": 0.25,
      "f": 0.3076923077
    },
    "flat:repeat": {
      "p": 0.25,
      "r": 0.1666666667,
      "f": 0.2
    },
    "advcl:sp": {
      "p": 0.0,
      "r": 0.0,
      "f": 0.0
    },
    "advcl:svc": {
      "p": 1.0,
      "r": 0.1111111111,
      "f": 0.2
    }
  },
  "tag_acc": 0.9812935704,
  "lemma_acc": 0.0,
  "ents_p": 0.8696319018,
  "ents_r": 0.8740365558,
  "ents_f": 0.8718286656,
  "ents_per_type": {
    "ORG": {
      "p": 0.8183776023,
      "r": 0.8039492243,
      "f": 0.8110992529
    },
    "LOC": {
      "p": 0.8988561108,
      "r": 0.8924088464,
      "f": 0.8956208758
    },
    "PER": {
      "p": 0.8847682119,
      "r": 0.9213793103,
      "f": 0.9027027027
    }
  },
  "speed": 3144.6914533612
}